Date,Federal Funds Rate
10/22/2013,0.08
10/28/2013,0.08
10/29/2013,0.08
10/30/2013,0.08
10/31/2013,0.07
11/1/2013,0.08
11/14/2013,0.09
11/30/2013,0.07
12/1/2013,0.07
12/2/2013,0.09
12/3/2013,0.09
12/4/2013,0.09
12/5/2013,0.09
12/6/2013,0.09
12/7/2013,0.09
12/8/2013,0.09
12/9/2013,0.09
12/10/2013,0.09
12/11/2013,0.08
12/12/2013,0.09
12/13/2013,0.08
12/14/2013,0.08
12/15/2013,0.08
12/16/2013,0.09
12/17/2013,0.09
12/18/2013,0.09
12/19/2013,0.09
12/20/2013,0.09
12/21/2013,0.09
12/22/2013,0.09
12/23/2013,0.09
12/24/2013,0.08
12/25/2013,0.08
12/26/2013,0.08
12/27/2013,0.08
12/28/2013,0.08
12/29/2013,0.08
12/30/2013,0.08
12/31/2013,0.07
1/1/2014,0.07
1/2/2014,0.08
1/3/2014,0.08
1/4/2014,0.08
1/5/2014,0.08
1/6/2014,0.08
1/7/2014,0.07
1/8/2014,0.07
1/9/2014,0.07
1/10/2014,0.07
1/11/2014,0.07
1/12/2014,0.07
1/13/2014,0.07
1/14/2014,0.07
1/15/2014,0.07
1/16/2014,0.07
1/17/2014,0.07
1/18/2014,0.07
1/19/2014,0.07
1/20/2014,0.07
1/21/2014,0.07
1/22/2014,0.07
1/23/2014,0.07
1/24/2014,0.07
1/25/2014,0.07
1/26/2014,0.07
1/27/2014,0.07
1/28/2014,0.07
1/29/2014,0.07
1/30/2014,0.07
1/31/2014,0.07
2/1/2014,0.07
2/2/2014,0.07
2/3/2014,0.07
2/4/2014,0.07
2/5/2014,0.07
2/6/2014,0.07
2/7/2014,0.06
2/8/2014,0.06
2/9/2014,0.06
2/10/2014,0.07
2/11/2014,0.06
2/12/2014,0.07
2/13/2014,0.06
2/14/2014,0.06
2/15/2014,0.06
2/16/2014,0.06
2/17/2014,0.06
2/18/2014,0.07
2/19/2014,0.07
2/20/2014,0.07
2/21/2014,0.07
2/22/2014,0.07
2/23/2014,0.07
2/24/2014,0.07
2/25/2014,0.07
2/26/2014,0.07
2/27/2014,0.07
2/28/2014,0.06
3/1/2014,0.06
3/2/2014,0.06
3/3/2014,0.07
3/4/2014,0.07
3/5/2014,0.08
3/6/2014,0.08
3/7/2014,0.08
3/8/2014,0.08
3/9/2014,0.08
3/10/2014,0.08
3/11/2014,0.08
3/12/2014,0.08
3/13/2014,0.08
3/14/2014,0.08
3/15/2014,0.08
3/16/2014,0.08
3/17/2014,0.08
3/18/2014,0.08
3/19/2014,0.08
3/20/2014,0.08
3/21/2014,0.08
3/22/2014,0.08
3/23/2014,0.08
3/24/2014,0.09
3/25/2014,0.09
3/26/2014,0.08
3/27/2014,0.08
3/28/2014,0.08
3/29/2014,0.08
3/30/2014,0.08
3/31/2014,0.06
4/1/2014,0.08
4/2/2014,0.09
4/3/2014,0.08
4/4/2014,0.08
4/5/2014,0.08
4/6/2014,0.08
4/7/2014,0.09
4/8/2014,0.08
4/9/2014,0.08
4/10/2014,0.08
4/11/2014,0.09
4/12/2014,0.09
4/13/2014,0.09
4/14/2014,0.09
4/15/2014,0.1
4/16/2014,0.09
4/17/2014,0.09
4/18/2014,0.1
4/19/2014,0.1
4/20/2014,0.1
4/21/2014,0.1
4/22/2014,0.1
4/23/2014,0.1
4/24/2014,0.1
4/25/2014,0.09
4/26/2014,0.09
4/27/2014,0.09
4/28/2014,0.09
4/29/2014,0.1
4/30/2014,0.09
5/1/2014,0.09
5/2/2014,0.09
5/3/2014,0.09
5/4/2014,0.09
5/5/2014,0.09
5/6/2014,0.09
5/7/2014,0.08
5/8/2014,0.08
5/9/2014,0.08
5/10/2014,0.08
5/11/2014,0.08
5/12/2014,0.08
5/13/2014,0.09
5/14/2014,0.08
5/15/2014,0.09
5/16/2014,0.09
5/17/2014,0.09
5/18/2014,0.09
5/19/2014,0.09
5/20/2014,0.09
5/21/2014,0.09
5/22/2014,0.09
5/23/2014,0.09
5/24/2014,0.09
5/25/2014,0.09
5/26/2014,0.09
5/27/2014,0.09
5/28/2014,0.09
5/29/2014,0.09
5/30/2014,0.08
5/31/2014,0.08
6/1/2014,0.08
6/2/2014,0.09
6/3/2014,0.1
6/4/2014,0.09
6/5/2014,0.09
6/6/2014,0.09
6/7/2014,0.09
6/8/2014,0.09
6/9/2014,0.09
6/10/2014,0.09
6/11/2014,0.09
6/12/2014,0.09
6/13/2014,0.1
6/14/2014,0.1
6/15/2014,0.1
6/16/2014,0.1
6/17/2014,0.1
6/18/2014,0.1
6/19/2014,0.1
6/20/2014,0.1
6/21/2014,0.1
6/22/2014,0.1
6/23/2014,0.1
6/24/2014,0.1
6/25/2014,0.1
6/26/2014,0.1
6/27/2014,0.1
6/28/2014,0.1
6/29/2014,0.1
6/30/2014,0.09
7/1/2014,0.1
7/2/2014,0.1
7/3/2014,0.09
7/4/2014,0.09
7/5/2014,0.09
7/6/2014,0.09
7/7/2014,0.1
7/8/2014,0.09
7/9/2014,0.09
7/10/2014,0.09
7/11/2014,0.09
7/12/2014,0.09
7/13/2014,0.09
7/14/2014,0.09
7/15/2014,0.09
7/16/2014,0.09
7/17/2014,0.09
7/18/2014,0.09
7/19/2014,0.09
7/20/2014,0.09
7/21/2014,0.1
7/22/2014,0.09
7/23/2014,0.09
7/24/2014,0.09
7/25/2014,0.09
7/26/2014,0.09
7/27/2014,0.09
7/28/2014,0.09
7/29/2014,0.09
7/30/2014,0.09
7/31/2014,0.08
8/1/2014,0.09
8/2/2014,0.09
8/3/2014,0.09
8/4/2014,0.09
8/5/2014,0.09
8/6/2014,0.09
8/7/2014,0.09
8/8/2014,0.09
8/9/2014,0.09
8/10/2014,0.09
8/11/2014,0.09
8/12/2014,0.09
8/13/2014,0.09
8/14/2014,0.09
8/15/2014,0.09
8/16/2014,0.09
8/17/2014,0.09
8/18/2014,0.09
8/19/2014,0.09
8/20/2014,0.09
8/21/2014,0.09
8/22/2014,0.09
8/23/2014,0.09
8/24/2014,0.09
8/25/2014,0.09
8/26/2014,0.09
8/27/2014,0.09
8/28/2014,0.09
8/29/2014,0.07
8/30/2014,0.07
8/31/2014,0.07
9/1/2014,0.07
9/2/2014,0.09
9/3/2014,0.09
9/4/2014,0.09
9/5/2014,0.09
9/6/2014,0.09
9/7/2014,0.09
9/8/2014,0.09
9/9/2014,0.09
9/10/2014,0.09
9/11/2014,0.09
9/12/2014,0.09
9/13/2014,0.09
9/14/2014,0.09
9/15/2014,0.09
9/16/2014,0.09
9/17/2014,0.09
9/18/2014,0.09
9/19/2014,0.09
9/20/2014,0.09
9/21/2014,0.09
9/22/2014,0.09
9/23/2014,0.09
9/24/2014,0.09
9/25/2014,0.09
9/26/2014,0.09
9/27/2014,0.09
9/28/2014,0.09
9/29/2014,0.08
9/30/2014,0.07
10/1/2014,0.09
10/2/2014,0.09
10/3/2014,0.09
10/4/2014,0.09
10/5/2014,0.09
10/6/2014,0.09
10/7/2014,0.09
10/8/2014,0.09
10/9/2014,0.08
10/10/2014,0.09
10/11/2014,0.09
10/12/2014,0.09
10/13/2014,0.09
10/14/2014,0.09
10/15/2014,0.09
10/16/2014,0.09
10/17/2014,0.09
10/18/2014,0.09
10/19/2014,0.09
10/20/2014,0.09
10/21/2014,0.09
10/22/2014,0.09
10/23/2014,0.09
10/24/2014,0.09
10/25/2014,0.09
10/26/2014,0.09
10/27/2014,0.09
10/28/2014,0.09
10/29/2014,0.09
10/30/2014,0.09
10/31/2014,0.07
11/1/2014,0.07
11/2/2014,0.07
11/3/2014,0.09
11/4/2014,0.1
11/5/2014,0.09
11/6/2014,0.09
11/7/2014,0.09
11/8/2014,0.09
11/9/2014,0.09
11/10/2014,0.09
11/11/2014,0.09
11/12/2014,0.09
11/13/2014,0.09
11/14/2014,0.09
11/15/2014,0.09
11/16/2014,0.09
11/17/2014,0.1
11/18/2014,0.11
11/19/2014,0.1
11/20/2014,0.1
11/21/2014,0.1
11/22/2014,0.1
11/23/2014,0.1
11/24/2014,0.1
11/25/2014,0.1
11/26/2014,0.1
11/27/2014,0.1
11/28/2014,0.08
11/29/2014,0.08
11/30/2014,0.08
12/1/2014,0.13
12/2/2014,0.12
12/3/2014,0.12
12/4/2014,0.12
12/5/2014,0.12
12/6/2014,0.12
12/7/2014,0.12
12/8/2014,0.12
12/9/2014,0.12
12/10/2014,0.12
12/11/2014,0.12
12/12/2014,0.12
12/13/2014,0.12
12/14/2014,0.12
12/15/2014,0.11
12/16/2014,0.12
12/17/2014,0.13
12/18/2014,0.13
12/19/2014,0.13
12/20/2014,0.13
12/21/2014,0.13
12/22/2014,0.13
12/23/2014,0.13
12/24/2014,0.13
12/25/2014,0.13
12/26/2014,0.13
12/27/2014,0.13
12/28/2014,0.13
12/29/2014,0.13
12/30/2014,0.13
12/31/2014,0.06
1/1/2015,0.06
1/2/2015,0.12
1/3/2015,0.12
1/4/2015,0.12
1/5/2015,0.12
1/6/2015,0.12
1/7/2015,0.12
1/8/2015,0.12
1/9/2015,0.12
1/10/2015,0.12
1/11/2015,0.12
1/12/2015,0.12
1/13/2015,0.12
1/14/2015,0.12
1/15/2015,0.12
1/16/2015,0.13
1/17/2015,0.13
1/18/2015,0.13
1/19/2015,0.13
1/20/2015,0.12
1/21/2015,0.12
1/22/2015,0.12
1/23/2015,0.12
1/24/2015,0.12
1/25/2015,0.12
1/26/2015,0.12
1/27/2015,0.11
1/28/2015,0.12
1/29/2015,0.11
1/30/2015,0.06
1/31/2015,0.06
2/1/2015,0.06
2/2/2015,0.12
2/3/2015,0.12
2/4/2015,0.11
2/5/2015,0.12
2/6/2015,0.11
2/7/2015,0.11
2/8/2015,0.11
2/9/2015,0.12
2/10/2015,0.12
2/11/2015,0.12
2/12/2015,0.12
2/13/2015,0.12
2/14/2015,0.12
2/15/2015,0.12
2/16/2015,0.12
2/17/2015,0.12
2/18/2015,0.12
2/19/2015,0.12
2/20/2015,0.12
2/21/2015,0.12
2/22/2015,0.12
2/23/2015,0.11
2/24/2015,0.11
2/25/2015,0.11
2/26/2015,0.11
2/27/2015,0.06
2/28/2015,0.06
3/1/2015,0.06
3/2/2015,0.12
3/3/2015,0.12
3/4/2015,0.11
3/5/2015,0.11
3/6/2015,0.12
3/7/2015,0.12
3/8/2015,0.12
3/9/2015,0.12
3/10/2015,0.12
3/11/2015,0.11
3/12/2015,0.11
3/13/2015,0.11
3/14/2015,0.11
3/15/2015,0.11
3/16/2015,0.12
3/17/2015,0.12
3/18/2015,0.11
3/19/2015,0.12
3/20/2015,0.12
3/21/2015,0.12
3/22/2015,0.12
3/23/2015,0.12
3/24/2015,0.11
3/25/2015,0.12
3/26/2015,0.11
3/27/2015,0.12
3/28/2015,0.12
3/29/2015,0.12
3/30/2015,0.12
3/31/2015,0.06
4/1/2015,0.12
4/2/2015,0.12
4/3/2015,0.12
4/4/2015,0.12
4/5/2015,0.12
4/6/2015,0.13
4/7/2015,0.12
4/8/2015,0.12
4/9/2015,0.12
4/10/2015,0.12
4/11/2015,0.12
4/12/2015,0.12
4/13/2015,0.13
4/14/2015,0.13
4/15/2015,0.13
4/16/2015,0.13
4/17/2015,0.13
4/18/2015,0.13
4/19/2015,0.13
4/20/2015,0.13
4/21/2015,0.13
4/22/2015,0.13
4/23/2015,0.13
4/24/2015,0.13
4/25/2015,0.13
4/26/2015,0.13
4/27/2015,0.13
4/28/2015,0.13
4/29/2015,0.13
4/30/2015,0.08
5/1/2015,0.13
5/2/2015,0.13
5/3/2015,0.13
5/4/2015,0.13
5/5/2015,0.13
5/6/2015,0.13
5/7/2015,0.13
5/8/2015,0.13
5/9/2015,0.13
5/10/2015,0.13
5/11/2015,0.13
5/12/2015,0.13
5/13/2015,0.13
5/14/2015,0.13
5/15/2015,0.13
5/16/2015,0.13
5/17/2015,0.13
5/18/2015,0.13
5/19/2015,0.12
5/20/2015,0.12
5/21/2015,0.12
5/22/2015,0.13
5/23/2015,0.13
5/24/2015,0.13
5/25/2015,0.13
5/26/2015,0.12
5/27/2015,0.12
5/28/2015,0.12
5/29/2015,0.08
5/30/2015,0.08
5/31/2015,0.08
6/1/2015,0.12
6/2/2015,0.12
6/3/2015,0.13
6/4/2015,0.13
6/5/2015,0.13
6/6/2015,0.13
6/7/2015,0.13
6/8/2015,0.13
6/9/2015,0.13
6/10/2015,0.13
6/11/2015,0.13
6/12/2015,0.13
6/13/2015,0.13
6/14/2015,0.13
6/15/2015,0.13
6/16/2015,0.14
6/17/2015,0.14
6/18/2015,0.14
6/19/2015,0.13
6/20/2015,0.13
6/21/2015,0.13
6/22/2015,0.13
6/23/2015,0.13
6/24/2015,0.13
6/25/2015,0.13
6/26/2015,0.13
6/27/2015,0.13
6/28/2015,0.13
6/29/2015,0.14
6/30/2015,0.08
7/1/2015,0.13
7/2/2015,0.13
7/3/2015,0.13
7/4/2015,0.13
7/5/2015,0.13
7/6/2015,0.13
7/7/2015,0.13
7/8/2015,0.13
7/9/2015,0.13
7/10/2015,0.13
7/11/2015,0.13
7/12/2015,0.13
7/13/2015,0.13
7/14/2015,0.13
7/15/2015,0.13
7/16/2015,0.14
7/17/2015,0.13
7/18/2015,0.13
7/19/2015,0.13
7/20/2015,0.14
7/21/2015,0.13
7/22/2015,0.13
7/23/2015,0.13
7/24/2015,0.13
7/25/2015,0.13
7/26/2015,0.13
7/27/2015,0.14
7/28/2015,0.14
7/29/2015,0.14
7/30/2015,0.14
7/31/2015,0.08
8/1/2015,0.08
8/2/2015,0.08
8/3/2015,0.14
8/4/2015,0.14
8/5/2015,0.14
8/6/2015,0.14
8/7/2015,0.14
8/8/2015,0.14
8/9/2015,0.14
8/10/2015,0.14
8/11/2015,0.15
8/12/2015,0.15
8/13/2015,0.15
8/14/2015,0.14
8/15/2015,0.14
8/16/2015,0.14
8/17/2015,0.15
8/18/2015,0.15
8/19/2015,0.15
8/20/2015,0.15
8/21/2015,0.15
8/22/2015,0.15
8/23/2015,0.15
8/24/2015,0.15
8/25/2015,0.15
8/26/2015,0.14
8/27/2015,0.14
8/28/2015,0.14
8/29/2015,0.14
8/30/2015,0.14
8/31/2015,0.08
9/1/2015,0.14
9/2/2015,0.14
9/3/2015,0.14
9/4/2015,0.14
9/5/2015,0.14
9/6/2015,0.14
9/7/2015,0.14
9/8/2015,0.14
9/9/2015,0.14
9/10/2015,0.14
9/11/2015,0.14
9/12/2015,0.14
9/13/2015,0.14
9/14/2015,0.14
9/15/2015,0.14
9/16/2015,0.14
9/17/2015,0.14
9/18/2015,0.14
9/19/2015,0.14
9/20/2015,0.14
9/21/2015,0.14
9/22/2015,0.14
9/23/2015,0.14
9/24/2015,0.14
9/25/2015,0.13
9/26/2015,0.13
9/27/2015,0.13
9/28/2015,0.13
9/29/2015,0.13
9/30/2015,0.07
10/1/2015,0.13
10/2/2015,0.13
10/3/2015,0.13
10/4/2015,0.13
10/5/2015,0.13
10/6/2015,0.13
10/7/2015,0.13
10/8/2015,0.13
10/9/2015,0.13
10/10/2015,0.13
10/11/2015,0.13
10/12/2015,0.13
10/13/2015,0.13
10/14/2015,0.13
10/15/2015,0.13
10/16/2015,0.13
10/17/2015,0.13
10/18/2015,0.13
10/19/2015,0.13
10/20/2015,0.13
10/21/2015,0.13
10/22/2015,0.12
10/23/2015,0.12
10/24/2015,0.12
10/25/2015,0.12
10/26/2015,0.12
10/27/2015,0.12
10/28/2015,0.12
10/29/2015,0.12
10/30/2015,0.07
10/31/2015,0.07
11/1/2015,0.07
11/2/2015,0.12
11/3/2015,0.12
11/4/2015,0.12
11/5/2015,0.12
11/6/2015,0.12
11/7/2015,0.12
11/8/2015,0.12
11/9/2015,0.12
11/10/2015,0.12
11/11/2015,0.12
11/12/2015,0.12
11/13/2015,0.12
11/14/2015,0.12
11/15/2015,0.12
11/16/2015,0.13
11/17/2015,0.13
11/18/2015,0.12
11/19/2015,0.12
11/20/2015,0.12
11/21/2015,0.12
11/22/2015,0.12
11/23/2015,0.12
11/24/2015,0.12
11/25/2015,0.12
11/26/2015,0.12
11/27/2015,0.12
11/28/2015,0.12
11/29/2015,0.12
11/30/2015,0.08
12/1/2015,0.13
12/2/2015,0.13
12/3/2015,0.13
12/4/2015,0.13
12/5/2015,0.13
12/6/2015,0.13
12/7/2015,0.13
12/8/2015,0.13
12/9/2015,0.14
12/10/2015,0.14
12/11/2015,0.14
12/12/2015,0.14
12/13/2015,0.14
12/14/2015,0.15
12/15/2015,0.15
12/16/2015,0.15
12/17/2015,0.37
12/18/2015,0.37
12/19/2015,0.37
12/20/2015,0.37
12/21/2015,0.36
12/22/2015,0.36
12/23/2015,0.36
12/24/2015,0.36
12/25/2015,0.36
12/26/2015,0.36
12/27/2015,0.36
12/28/2015,0.36
12/29/2015,0.36
12/30/2015,0.35
12/31/2015,0.2
1/1/2016,0.2
1/2/2016,0.2
1/3/2016,0.2
1/4/2016,0.36
1/5/2016,0.36
1/6/2016,0.36
1/7/2016,0.36
1/8/2016,0.36
1/9/2016,0.36
1/10/2016,0.36
1/11/2016,0.36
1/12/2016,0.36
1/13/2016,0.36
1/14/2016,0.36
1/15/2016,0.36
1/16/2016,0.36
1/17/2016,0.36
1/18/2016,0.36
1/19/2016,0.36
1/20/2016,0.37
1/21/2016,0.37
1/22/2016,0.38
1/23/2016,0.38
1/24/2016,0.38
1/25/2016,0.38
1/26/2016,0.38
1/27/2016,0.38
1/28/2016,0.38
1/29/2016,0.29
1/30/2016,0.29
1/31/2016,0.29
2/1/2016,0.38
2/2/2016,0.38
2/3/2016,0.38
2/4/2016,0.38
2/5/2016,0.38
2/6/2016,0.38
2/7/2016,0.38
2/8/2016,0.38
2/9/2016,0.38
2/10/2016,0.38
2/11/2016,0.38
2/12/2016,0.38
2/13/2016,0.38
2/14/2016,0.38
2/15/2016,0.38
2/16/2016,0.38
2/17/2016,0.37
2/18/2016,0.38
2/19/2016,0.38
2/20/2016,0.38
2/21/2016,0.38
2/22/2016,0.38
2/23/2016,0.38
2/24/2016,0.38
2/25/2016,0.37
2/26/2016,0.37
2/27/2016,0.37
2/28/2016,0.37
2/29/2016,0.29
3/1/2016,0.36
3/2/2016,0.37
3/3/2016,0.37
3/4/2016,0.36
3/5/2016,0.36
3/6/2016,0.36
3/7/2016,0.36
3/8/2016,0.36
3/9/2016,0.36
3/10/2016,0.36
3/11/2016,0.36
3/12/2016,0.36
3/13/2016,0.36
3/14/2016,0.36
3/15/2016,0.37
3/16/2016,0.37
3/17/2016,0.37
3/18/2016,0.37
3/19/2016,0.37
3/20/2016,0.37
3/21/2016,0.37
3/22/2016,0.37
3/23/2016,0.37
3/24/2016,0.37
3/25/2016,0.37
3/26/2016,0.37
3/27/2016,0.37
3/28/2016,0.37
3/29/2016,0.37
3/30/2016,0.37
3/31/2016,0.25
4/1/2016,0.37
4/2/2016,0.37
4/3/2016,0.37
4/4/2016,0.37
4/5/2016,0.37
4/6/2016,0.37
4/7/2016,0.37
4/8/2016,0.37
4/9/2016,0.37
4/10/2016,0.37
4/11/2016,0.37
4/12/2016,0.37
4/13/2016,0.37
4/14/2016,0.37
4/15/2016,0.37
4/16/2016,0.37
4/17/2016,0.37
4/18/2016,0.37
4/19/2016,0.37
4/20/2016,0.37
4/21/2016,0.37
4/22/2016,0.37
4/23/2016,0.37
4/24/2016,0.37
4/25/2016,0.37
4/26/2016,0.37
4/27/2016,0.37
4/28/2016,0.37
4/29/2016,0.3
4/30/2016,0.3
5/1/2016,0.3
5/2/2016,0.37
5/3/2016,0.37
5/4/2016,0.37
5/5/2016,0.37
5/6/2016,0.37
5/7/2016,0.37
5/8/2016,0.37
5/9/2016,0.37
5/10/2016,0.37
5/11/2016,0.37
5/12/2016,0.37
5/13/2016,0.37
5/14/2016,0.37
5/15/2016,0.37
5/16/2016,0.37
5/17/2016,0.37
5/18/2016,0.37
5/19/2016,0.37
5/20/2016,0.37
5/21/2016,0.37
5/22/2016,0.37
5/23/2016,0.37
5/24/2016,0.37
5/25/2016,0.37
5/26/2016,0.37
5/27/2016,0.37
5/28/2016,0.37
5/29/2016,0.37
5/30/2016,0.37
5/31/2016,0.29
6/1/2016,0.37
6/2/2016,0.37
6/3/2016,0.37
6/4/2016,0.37
6/5/2016,0.37
6/6/2016,0.37
6/7/2016,0.37
6/8/2016,0.37
6/9/2016,0.37
6/10/2016,0.37
6/11/2016,0.37
6/12/2016,0.37
6/13/2016,0.37
6/14/2016,0.37
6/15/2016,0.37
6/16/2016,0.38
6/17/2016,0.38
6/18/2016,0.38
6/19/2016,0.38
6/20/2016,0.38
6/21/2016,0.38
6/22/2016,0.38
6/23/2016,0.39
6/24/2016,0.4
6/25/2016,0.4
6/26/2016,0.4
6/27/2016,0.41
6/28/2016,0.41
6/29/2016,0.41
6/30/2016,0.3
7/1/2016,0.41
7/2/2016,0.41
7/3/2016,0.41
7/4/2016,0.41
7/5/2016,0.4
7/6/2016,0.4
7/7/2016,0.4
7/8/2016,0.4
7/9/2016,0.4
7/10/2016,0.4
7/11/2016,0.4
7/12/2016,0.4
7/13/2016,0.4
7/14/2016,0.4
7/15/2016,0.4
7/16/2016,0.4
7/17/2016,0.4
7/18/2016,0.4
7/19/2016,0.4
7/20/2016,0.4
7/21/2016,0.4
7/22/2016,0.4
7/23/2016,0.4
7/24/2016,0.4
7/25/2016,0.4
7/26/2016,0.4
7/27/2016,0.4
7/28/2016,0.4
7/29/2016,0.3
7/30/2016,0.3
7/31/2016,0.3
8/1/2016,0.4
8/2/2016,0.4
8/3/2016,0.4
8/4/2016,0.4
8/5/2016,0.4
8/6/2016,0.4
8/7/2016,0.4
8/8/2016,0.4
8/9/2016,0.4
8/10/2016,0.4
8/11/2016,0.4
8/12/2016,0.4
8/13/2016,0.4
8/14/2016,0.4
8/15/2016,0.4
8/16/2016,0.4
8/17/2016,0.4
8/18/2016,0.4
8/19/2016,0.4
8/20/2016,0.4
8/21/2016,0.4
8/22/2016,0.4
8/23/2016,0.4
8/24/2016,0.4
8/25/2016,0.4
8/26/2016,0.4
8/27/2016,0.4
8/28/2016,0.4
8/29/2016,0.4
8/30/2016,0.4
8/31/2016,0.3
9/1/2016,0.4
9/2/2016,0.4
9/3/2016,0.4
9/4/2016,0.4
9/5/2016,0.4
9/6/2016,0.4
9/7/2016,0.4
9/8/2016,0.4
9/9/2016,0.4
9/10/2016,0.4
9/11/2016,0.4
9/12/2016,0.4
9/13/2016,0.4
9/14/2016,0.4
9/15/2016,0.4
9/16/2016,0.4
9/17/2016,0.4
9/18/2016,0.4
9/19/2016,0.4
9/20/2016,0.4
9/21/2016,0.4
9/22/2016,0.4
9/23/2016,0.4
9/24/2016,0.4
9/25/2016,0.4
9/26/2016,0.4
9/27/2016,0.4
9/28/2016,0.4
9/29/2016,0.4
9/30/2016,0.29
10/1/2016,0.29
10/2/2016,0.29
10/3/2016,0.4
10/4/2016,0.4
10/5/2016,0.4
10/6/2016,0.4
10/7/2016,0.4
10/8/2016,0.4
10/9/2016,0.4
10/10/2016,0.4
10/11/2016,0.41
10/12/2016,0.41
10/13/2016,0.41
10/14/2016,0.41
10/15/2016,0.41
10/16/2016,0.41
10/17/2016,0.41
10/18/2016,0.41
10/19/2016,0.41
10/20/2016,0.41
10/21/2016,0.41
10/22/2016,0.41
10/23/2016,0.41
10/24/2016,0.41
10/25/2016,0.41
10/26/2016,0.41
10/27/2016,0.41
10/28/2016,0.41
10/29/2016,0.41
10/30/2016,0.41
10/31/2016,0.31
11/1/2016,0.41
11/2/2016,0.41
11/3/2016,0.41
11/4/2016,0.41
11/5/2016,0.41
11/6/2016,0.41
11/7/2016,0.41
11/8/2016,0.41
11/9/2016,0.41
11/10/2016,0.41
11/11/2016,0.41
11/12/2016,0.41
11/13/2016,0.41
11/14/2016,0.41
11/15/2016,0.41
11/16/2016,0.41
11/17/2016,0.41
11/18/2016,0.41
11/19/2016,0.41
11/20/2016,0.41
11/21/2016,0.41
11/22/2016,0.41
11/23/2016,0.41
11/24/2016,0.41
11/25/2016,0.41
11/26/2016,0.41
11/27/2016,0.41
11/28/2016,0.41
11/29/2016,0.41
11/30/2016,0.31
12/1/2016,0.41
12/2/2016,0.41
12/3/2016,0.41
12/4/2016,0.41
12/5/2016,0.41
12/6/2016,0.41
12/7/2016,0.41
12/8/2016,0.41
12/9/2016,0.41
12/10/2016,0.41
12/11/2016,0.41
12/12/2016,0.41
12/13/2016,0.41
12/14/2016,0.41
12/15/2016,0.66
12/16/2016,0.66
12/17/2016,0.66
12/18/2016,0.66
12/19/2016,0.66
12/20/2016,0.66
12/21/2016,0.66
12/22/2016,0.66
12/23/2016,0.66
12/24/2016,0.66
12/25/2016,0.66
12/26/2016,0.66
12/27/2016,0.66
12/28/2016,0.66
12/29/2016,0.66
12/30/2016,0.55
12/31/2016,0.55
1/1/2017,0.55
1/2/2017,0.55
1/3/2017,0.66
1/4/2017,0.66
1/5/2017,0.66
1/6/2017,0.66
1/7/2017,0.66
1/8/2017,0.66
1/9/2017,0.66
1/10/2017,0.66
1/11/2017,0.66
1/12/2017,0.66
1/13/2017,0.66
1/14/2017,0.66
1/15/2017,0.66
1/16/2017,0.66
1/17/2017,0.66
1/18/2017,0.66
1/19/2017,0.66
1/20/2017,0.66
1/21/2017,0.66
1/22/2017,0.66
1/23/2017,0.66
1/24/2017,0.66
1/25/2017,0.66
1/26/2017,0.66
1/27/2017,0.66
1/28/2017,0.66
1/29/2017,0.66
1/30/2017,0.66
1/31/2017,0.56
2/1/2017,0.66
2/2/2017,0.66
2/3/2017,0.66
2/4/2017,0.66
2/5/2017,0.66
2/6/2017,0.66
2/7/2017,0.66
2/8/2017,0.66
2/9/2017,0.66
2/10/2017,0.66
2/11/2017,0.66
2/12/2017,0.66
2/13/2017,0.66
2/14/2017,0.66
2/15/2017,0.66
2/16/2017,0.66
2/17/2017,0.66
2/18/2017,0.66
2/19/2017,0.66
2/20/2017,0.66
2/21/2017,0.66
2/22/2017,0.66
2/23/2017,0.66
2/24/2017,0.66
2/25/2017,0.66
2/26/2017,0.66
2/27/2017,0.66
2/28/2017,0.57
3/1/2017,0.66
3/2/2017,0.66
3/3/2017,0.66
3/4/2017,0.66
3/5/2017,0.66
3/6/2017,0.66
3/7/2017,0.66
3/8/2017,0.66
3/9/2017,0.66
3/10/2017,0.66
3/11/2017,0.66
3/12/2017,0.66
3/13/2017,0.66
3/14/2017,0.66
3/15/2017,0.66
3/16/2017,0.91
3/17/2017,0.91
3/18/2017,0.91
3/19/2017,0.91
3/20/2017,0.91
3/21/2017,0.91
3/22/2017,0.91
3/23/2017,0.91
3/24/2017,0.91
3/25/2017,0.91
3/26/2017,0.91
3/27/2017,0.91
3/28/2017,0.91
3/29/2017,0.91
3/30/2017,0.91
3/31/2017,0.82
4/1/2017,0.82
4/2/2017,0.82
4/3/2017,0.91
4/4/2017,0.91
4/5/2017,0.91
4/6/2017,0.91
4/7/2017,0.91
4/8/2017,0.91
4/9/2017,0.91
4/10/2017,0.91
4/11/2017,0.91
4/12/2017,0.91
4/13/2017,0.91
4/14/2017,0.91
4/15/2017,0.91
4/16/2017,0.91
4/17/2017,0.91
4/18/2017,0.91
4/19/2017,0.91
4/20/2017,0.91
4/21/2017,0.91
4/22/2017,0.91
4/23/2017,0.91
4/24/2017,0.91
4/25/2017,0.91
4/26/2017,0.91
4/27/2017,0.91
4/28/2017,0.83
4/29/2017,0.83
4/30/2017,0.83
5/1/2017,0.91
5/2/2017,0.91
5/3/2017,0.91
5/4/2017,0.91
5/5/2017,0.91
5/6/2017,0.91
5/7/2017,0.91
5/8/2017,0.91
5/9/2017,0.91
5/10/2017,0.91
5/11/2017,0.91
5/12/2017,0.91
5/13/2017,0.91
5/14/2017,0.91
5/15/2017,0.91
5/16/2017,0.91
5/17/2017,0.91
5/18/2017,0.91
5/19/2017,0.91
5/20/2017,0.91
5/21/2017,0.91
5/22/2017,0.91
5/23/2017,0.91
5/24/2017,0.91
5/25/2017,0.91
5/26/2017,0.91
5/27/2017,0.91
5/28/2017,0.91
5/29/2017,0.91
5/30/2017,0.91
5/31/2017,0.83
6/1/2017,0.91
6/2/2017,0.91
6/3/2017,0.91
6/4/2017,0.91
6/5/2017,0.91
6/6/2017,0.91
6/7/2017,0.91
6/8/2017,0.91
6/9/2017,0.91
6/10/2017,0.91
6/11/2017,0.91
6/12/2017,0.91
6/13/2017,0.91
6/14/2017,0.91
6/15/2017,1.16
6/16/2017,1.16
6/17/2017,1.16
6/18/2017,1.16
6/19/2017,1.16
6/20/2017,1.16
6/21/2017,1.16
6/22/2017,1.16
6/23/2017,1.16
6/24/2017,1.16
6/25/2017,1.16
6/26/2017,1.16
6/27/2017,1.16
6/28/2017,1.16
6/29/2017,1.16
6/30/2017,1.06
7/1/2017,1.06
7/2/2017,1.06
7/3/2017,1.16
7/4/2017,1.16
7/5/2017,1.16
7/6/2017,1.16
7/7/2017,1.16
7/8/2017,1.16
7/9/2017,1.16
7/10/2017,1.16
7/11/2017,1.16
7/12/2017,1.16
7/13/2017,1.16
7/14/2017,1.16
7/15/2017,1.16
7/16/2017,1.16
7/17/2017,1.16
7/18/2017,1.16
7/19/2017,1.16
7/20/2017,1.16
7/21/2017,1.16
7/22/2017,1.16
7/23/2017,1.16
7/24/2017,1.16
7/25/2017,1.16
7/26/2017,1.16
7/27/2017,1.16
7/28/2017,1.16
7/29/2017,1.16
7/30/2017,1.16
7/31/2017,1.07
8/1/2017,1.16
8/2/2017,1.16
8/3/2017,1.16
8/4/2017,1.16
8/5/2017,1.16
8/6/2017,1.16
8/7/2017,1.16
8/8/2017,1.16
8/9/2017,1.16
8/10/2017,1.16
8/11/2017,1.16
8/12/2017,1.16
8/13/2017,1.16
8/14/2017,1.16
8/15/2017,1.16
8/16/2017,1.16
8/17/2017,1.16
8/18/2017,1.16
8/19/2017,1.16
8/20/2017,1.16
8/21/2017,1.16
8/22/2017,1.16
8/23/2017,1.16
8/24/2017,1.16
8/25/2017,1.16
8/26/2017,1.16
8/27/2017,1.16
8/28/2017,1.16
8/29/2017,1.16
8/30/2017,1.16
8/31/2017,1.07
9/1/2017,1.16
9/2/2017,1.16
9/3/2017,1.16
9/4/2017,1.16
9/5/2017,1.16
9/6/2017,1.16
9/7/2017,1.16
9/8/2017,1.16
9/9/2017,1.16
9/10/2017,1.16
9/11/2017,1.16
9/12/2017,1.16
9/13/2017,1.16
9/14/2017,1.16
9/15/2017,1.16
9/16/2017,1.16
9/17/2017,1.16
9/18/2017,1.16
9/19/2017,1.16
9/20/2017,1.16
9/21/2017,1.16
9/22/2017,1.16
9/23/2017,1.16
9/24/2017,1.16
9/25/2017,1.16
9/26/2017,1.16
9/27/2017,1.16
9/28/2017,1.16
9/29/2017,1.06
9/30/2017,1.06
10/1/2017,1.06
10/2/2017,1.16
10/3/2017,1.16
10/4/2017,1.16
10/5/2017,1.16
10/6/2017,1.16
10/7/2017,1.16
10/8/2017,1.16
10/9/2017,1.16
10/10/2017,1.16
10/11/2017,1.16
10/12/2017,1.16
10/13/2017,1.16
10/14/2017,1.16
10/15/2017,1.16
10/16/2017,1.16
10/17/2017,1.16
10/18/2017,1.16
10/19/2017,1.16
10/20/2017,1.16
10/21/2017,1.16
10/22/2017,1.16
10/23/2017,1.16
10/24/2017,1.16
10/25/2017,1.16
10/26/2017,1.16
10/27/2017,1.16
10/28/2017,1.16
10/29/2017,1.16
10/30/2017,1.16
10/31/2017,1.07
11/1/2017,1.16
11/2/2017,1.16
11/3/2017,1.16
11/4/2017,1.16
11/5/2017,1.16
11/6/2017,1.16
11/7/2017,1.16
11/8/2017,1.16
11/9/2017,1.16
11/10/2017,1.16
11/11/2017,1.16
11/12/2017,1.16
11/13/2017,1.16
11/14/2017,1.16
11/15/2017,1.16
11/16/2017,1.16
11/17/2017,1.16
11/18/2017,1.16
11/19/2017,1.16
11/20/2017,1.16
11/21/2017,1.16
11/22/2017,1.16
11/23/2017,1.16
11/24/2017,1.16
11/25/2017,1.16
11/26/2017,1.16
11/27/2017,1.16
11/28/2017,1.16
11/29/2017,1.16
11/30/2017,1.07
12/1/2017,1.16
12/2/2017,1.16
12/3/2017,1.16
12/4/2017,1.16
12/5/2017,1.16
12/6/2017,1.16
12/7/2017,1.16
12/8/2017,1.16
12/9/2017,1.16
12/10/2017,1.16
12/11/2017,1.16
12/12/2017,1.17
12/13/2017,1.17
12/14/2017,1.41
12/15/2017,1.41
12/16/2017,1.41
12/17/2017,1.41
12/18/2017,1.42
12/19/2017,1.42
12/20/2017,1.42
12/21/2017,1.42
12/22/2017,1.42
12/23/2017,1.42
12/24/2017,1.42
12/25/2017,1.42
12/26/2017,1.42
12/27/2017,1.42
12/28/2017,1.42
12/29/2017,1.33
12/30/2017,1.33
12/31/2017,1.33
1/1/2018,1.33
1/2/2018,1.42
1/3/2018,1.42
1/4/2018,1.42
1/5/2018,1.42
1/6/2018,1.42
1/7/2018,1.42
1/8/2018,1.42
1/9/2018,1.42
1/10/2018,1.42
1/11/2018,1.42
1/12/2018,1.42
1/13/2018,1.42
1/14/2018,1.42
1/15/2018,1.42
1/16/2018,1.42
1/17/2018,1.42
1/18/2018,1.42
1/19/2018,1.42
1/20/2018,1.42
1/21/2018,1.42
1/22/2018,1.42
1/23/2018,1.42
1/24/2018,1.42
1/25/2018,1.42
1/26/2018,1.42
1/27/2018,1.42
1/28/2018,1.42
1/29/2018,1.42
1/30/2018,1.42
1/31/2018,1.34
2/1/2018,1.42
2/2/2018,1.42
2/3/2018,1.42
2/4/2018,1.42
2/5/2018,1.42
2/6/2018,1.42
2/7/2018,1.42
2/8/2018,1.42
2/9/2018,1.42
2/10/2018,1.42
2/11/2018,1.42
2/12/2018,1.42
2/13/2018,1.42
2/14/2018,1.42
2/15/2018,1.42
2/16/2018,1.42
2/17/2018,1.42
2/18/2018,1.42
2/19/2018,1.42
2/20/2018,1.42
2/21/2018,1.42
2/22/2018,1.42
2/23/2018,1.42
2/24/2018,1.42
2/25/2018,1.42
2/26/2018,1.42
2/27/2018,1.42
2/28/2018,1.35
3/1/2018,1.42
3/2/2018,1.42
3/3/2018,1.42
3/4/2018,1.42
3/5/2018,1.42
3/6/2018,1.42
3/7/2018,1.42
3/8/2018,1.42
3/9/2018,1.42
3/10/2018,1.42
3/11/2018,1.42
3/12/2018,1.42
3/13/2018,1.42
3/14/2018,1.42
3/15/2018,1.43
3/16/2018,1.43
3/17/2018,1.43
3/18/2018,1.43
3/19/2018,1.43
3/20/2018,1.44
3/21/2018,1.44
3/22/2018,1.68
3/23/2018,1.68
3/24/2018,1.68
3/25/2018,1.68
3/26/2018,1.68
3/27/2018,1.68
3/28/2018,1.68
3/29/2018,1.68
3/30/2018,1.67
3/31/2018,1.67
4/1/2018,1.67
4/2/2018,1.68
4/3/2018,1.69
4/4/2018,1.69
4/5/2018,1.69
4/6/2018,1.69
4/7/2018,1.69
4/8/2018,1.69
4/9/2018,1.69
4/10/2018,1.69
4/11/2018,1.69
4/12/2018,1.69
4/13/2018,1.69
4/14/2018,1.69
4/15/2018,1.69
4/16/2018,1.69
4/17/2018,1.69
4/18/2018,1.69
4/19/2018,1.69
4/20/2018,1.7
4/21/2018,1.7
4/22/2018,1.7
4/23/2018,1.7
4/24/2018,1.7
4/25/2018,1.7
4/26/2018,1.7
4/27/2018,1.7
4/28/2018,1.7
4/29/2018,1.7
4/30/2018,1.69
5/1/2018,1.7
5/2/2018,1.7
5/3/2018,1.7
5/4/2018,1.7
5/5/2018,1.7
5/6/2018,1.7
5/7/2018,1.7
5/8/2018,1.7
5/9/2018,1.7
5/10/2018,1.7
5/11/2018,1.7
5/12/2018,1.7
5/13/2018,1.7
5/14/2018,1.7
5/15/2018,1.7
5/16/2018,1.7
5/17/2018,1.7
5/18/2018,1.7
5/19/2018,1.7
5/20/2018,1.7
5/21/2018,1.7
5/22/2018,1.7
5/23/2018,1.7
5/24/2018,1.7
5/25/2018,1.7
5/26/2018,1.7
5/27/2018,1.7
5/28/2018,1.7
5/29/2018,1.7
5/30/2018,1.7
5/31/2018,1.7
6/1/2018,1.7
6/2/2018,1.7
6/3/2018,1.7
6/4/2018,1.7
6/5/2018,1.7
6/6/2018,1.7
6/7/2018,1.7
6/8/2018,1.7
6/9/2018,1.7
6/10/2018,1.7
6/11/2018,1.7
6/12/2018,1.7
6/13/2018,1.7
6/14/2018,1.9
6/15/2018,1.9
6/16/2018,1.9
6/17/2018,1.9
6/18/2018,1.9
6/19/2018,1.91
6/20/2018,1.92
6/21/2018,1.92
6/22/2018,1.92
6/23/2018,1.92
6/24/2018,1.92
6/25/2018,1.92
6/26/2018,1.92
6/27/2018,1.91
6/28/2018,1.91
6/29/2018,1.91
6/30/2018,1.91
7/1/2018,1.91
7/2/2018,1.91
7/3/2018,1.91
7/4/2018,1.91
7/5/2018,1.91
7/6/2018,1.91
7/7/2018,1.91
7/8/2018,1.91
7/9/2018,1.91
7/10/2018,1.91
7/11/2018,1.91
7/12/2018,1.91
7/13/2018,1.91
7/14/2018,1.91
7/15/2018,1.91
7/16/2018,1.91
7/17/2018,1.91
7/18/2018,1.91
7/19/2018,1.91
7/20/2018,1.91
7/21/2018,1.91
7/22/2018,1.91
7/23/2018,1.91
7/24/2018,1.91
7/25/2018,1.91
7/26/2018,1.91
7/27/2018,1.91
7/28/2018,1.91
7/29/2018,1.91
7/30/2018,1.91
7/31/2018,1.91
8/1/2018,1.91
8/2/2018,1.91
8/3/2018,1.91
8/4/2018,1.91
8/5/2018,1.91
8/6/2018,1.91
8/7/2018,1.91
8/8/2018,1.91
8/9/2018,1.91
8/10/2018,1.91
8/11/2018,1.91
8/12/2018,1.91
8/13/2018,1.91
8/14/2018,1.91
8/15/2018,1.91
8/16/2018,1.92
8/17/2018,1.92
8/18/2018,1.92
8/19/2018,1.92
8/20/2018,1.92
8/21/2018,1.92
8/22/2018,1.92
8/23/2018,1.92
8/24/2018,1.92
8/25/2018,1.92
8/26/2018,1.92
8/27/2018,1.92
8/28/2018,1.92
8/29/2018,1.92
8/30/2018,1.92
8/31/2018,1.91
9/1/2018,1.91
9/2/2018,1.91
9/3/2018,1.91
9/4/2018,1.92
9/5/2018,1.92
9/6/2018,1.92
9/7/2018,1.92
9/8/2018,1.92
9/9/2018,1.92
9/10/2018,1.92
9/11/2018,1.92
9/12/2018,1.92
9/13/2018,1.92
9/14/2018,1.92
9/15/2018,1.92
9/16/2018,1.92
9/17/2018,1.92
9/18/2018,1.92
9/19/2018,1.92
9/20/2018,1.92
9/21/2018,1.92
9/22/2018,1.92
9/23/2018,1.92
9/24/2018,1.93
9/25/2018,1.93
9/26/2018,1.93
9/27/2018,2.18
9/28/2018,2.18
9/29/2018,2.18
9/30/2018,2.18
10/1/2018,2.18
10/2/2018,2.18
10/3/2018,2.18
10/4/2018,2.18
10/5/2018,2.18
10/6/2018,2.18
10/7/2018,2.18
10/8/2018,2.18
10/9/2018,2.18
10/10/2018,2.18
10/11/2018,2.18
10/12/2018,2.18
10/13/2018,2.18
10/14/2018,2.18
10/15/2018,2.18
10/16/2018,2.18
10/17/2018,2.19
10/18/2018,2.19
10/19/2018,2.19
10/20/2018,2.19
10/21/2018,2.19
10/22/2018,2.19
10/23/2018,2.2
10/24/2018,2.2
10/25/2018,2.2
10/26/2018,2.2
10/27/2018,2.2
10/28/2018,2.2
10/29/2018,2.2
10/30/2018,2.2
10/31/2018,2.2
11/1/2018,2.2
11/2/2018,2.19
11/3/2018,2.19
11/4/2018,2.19
11/5/2018,2.2
11/6/2018,2.2
11/7/2018,2.2
11/8/2018,2.2
11/9/2018,2.19
11/10/2018,2.19
11/11/2018,2.19
11/12/2018,2.19
11/13/2018,2.2
11/14/2018,2.2
11/15/2018,2.2
11/16/2018,2.2
11/17/2018,2.2
11/18/2018,2.2
11/19/2018,2.2
11/20/2018,2.2
11/21/2018,2.2
11/22/2018,2.2
11/23/2018,2.2
11/24/2018,2.2
11/25/2018,2.2
11/26/2018,2.2
11/27/2018,2.2
11/28/2018,2.2
11/29/2018,2.2
11/30/2018,2.2
12/1/2018,2.2
12/2/2018,2.2
12/3/2018,2.19
12/4/2018,2.2
12/5/2018,2.2
12/6/2018,2.2
12/7/2018,2.19
12/8/2018,2.19
12/9/2018,2.19
12/10/2018,2.2
12/11/2018,2.19
12/12/2018,2.19
12/13/2018,2.19
12/14/2018,2.19
12/15/2018,2.19
12/16/2018,2.19
12/17/2018,2.2
12/18/2018,2.2
12/19/2018,2.2
12/20/2018,2.4
12/21/2018,2.4
12/22/2018,2.4
12/23/2018,2.4
12/24/2018,2.4
12/25/2018,2.4
12/26/2018,2.4
12/27/2018,2.4
12/28/2018,2.4
12/29/2018,2.4
12/30/2018,2.4
12/31/2018,2.4
1/1/2019,2.4
1/2/2019,2.4
1/3/2019,2.4
1/4/2019,2.4
1/5/2019,2.4
1/6/2019,2.4
1/7/2019,2.4
1/8/2019,2.4
1/9/2019,2.4
1/10/2019,2.4
1/11/2019,2.4
1/12/2019,2.4
1/13/2019,2.4
1/14/2019,2.4
1/15/2019,2.4
1/16/2019,2.4
1/17/2019,2.4
1/18/2019,2.4
1/19/2019,2.4
1/20/2019,2.4
1/21/2019,2.4
1/22/2019,2.4
1/23/2019,2.4
1/24/2019,2.4
1/25/2019,2.4
1/26/2019,2.4
1/27/2019,2.4
1/28/2019,2.4
1/29/2019,2.4
1/30/2019,2.4
1/31/2019,2.4
2/1/2019,2.4
2/2/2019,2.4
2/3/2019,2.4
2/4/2019,2.4
2/5/2019,2.4
2/6/2019,2.4
2/7/2019,2.4
2/8/2019,2.4
2/9/2019,2.4
2/10/2019,2.4
2/11/2019,2.4
2/12/2019,2.4
2/13/2019,2.4
2/14/2019,2.4
2/15/2019,2.4
2/16/2019,2.4
2/17/2019,2.4
2/18/2019,2.4
2/19/2019,2.4
2/20/2019,2.4
2/21/2019,2.4
2/22/2019,2.4
2/23/2019,2.4
2/24/2019,2.4
2/25/2019,2.4
2/26/2019,2.4
2/27/2019,2.4
2/28/2019,2.4
3/1/2019,2.4
3/2/2019,2.4
3/3/2019,2.4
3/4/2019,2.4
3/5/2019,2.4
3/6/2019,2.4
3/7/2019,2.4
3/8/2019,2.4
3/9/2019,2.4
3/10/2019,2.4
3/11/2019,2.4
3/12/2019,2.4
3/13/2019,2.4
3/14/2019,2.4
3/15/2019,2.4
3/16/2019,2.4
3/17/2019,2.4
3/18/2019,2.4
3/19/2019,2.4
3/20/2019,2.41
3/21/2019,2.41
3/22/2019,2.41
3/23/2019,2.41
3/24/2019,2.41
3/25/2019,2.4
3/26/2019,2.4
3/27/2019,2.41
3/28/2019,2.41
3/29/2019,2.43
3/30/2019,2.43
3/31/2019,2.43
4/1/2019,2.41
4/2/2019,2.41
4/3/2019,2.41
4/4/2019,2.41
4/5/2019,2.41
4/6/2019,2.41
4/7/2019,2.41
4/8/2019,2.41
4/9/2019,2.41
4/10/2019,2.41
4/11/2019,2.41
4/12/2019,2.41
4/13/2019,2.41
4/14/2019,2.41
4/15/2019,2.41
4/16/2019,2.41
4/17/2019,2.42
4/18/2019,2.43
4/19/2019,2.44
4/20/2019,2.44
4/21/2019,2.44
4/22/2019,2.44
4/23/2019,2.44
4/24/2019,2.44
4/25/2019,2.44
4/26/2019,2.44
4/27/2019,2.44
4/28/2019,2.44
4/29/2019,2.45
4/30/2019,2.45
5/1/2019,2.45
5/2/2019,2.41
5/3/2019,2.4
5/4/2019,2.4
5/5/2019,2.4
5/6/2019,2.4
5/7/2019,2.4
5/8/2019,2.39
5/9/2019,2.38
5/10/2019,2.38
5/11/2019,2.38
5/12/2019,2.38
5/13/2019,2.38
5/14/2019,2.38
5/15/2019,2.4
5/16/2019,2.39
5/17/2019,2.39
5/18/2019,2.39
5/19/2019,2.39
5/20/2019,2.39
5/21/2019,2.39
5/22/2019,2.38
5/23/2019,2.38
5/24/2019,2.38
5/25/2019,2.38
5/26/2019,2.38
5/27/2019,2.38
5/28/2019,2.39
5/29/2019,2.39
5/30/2019,2.39
5/31/2019,2.4
6/1/2019,2.4
6/2/2019,2.4
6/3/2019,2.38
6/4/2019,2.38
6/5/2019,2.38
6/6/2019,2.37
6/7/2019,2.37
6/8/2019,2.37
6/9/2019,2.37
6/10/2019,2.37
6/11/2019,2.37
6/12/2019,2.37
6/13/2019,2.37
6/14/2019,2.36
6/15/2019,2.36
6/16/2019,2.36
6/17/2019,2.38
6/18/2019,2.37
6/19/2019,2.37
6/20/2019,2.37
6/21/2019,2.38
6/22/2019,2.38
6/23/2019,2.38
6/24/2019,2.38
6/25/2019,2.38
6/26/2019,2.38
6/27/2019,2.38
6/28/2019,2.4
6/29/2019,2.4
6/30/2019,2.4
7/1/2019,2.39
7/2/2019,2.4
7/3/2019,2.41
7/4/2019,2.41
7/5/2019,2.42
7/6/2019,2.42
7/7/2019,2.42
7/8/2019,2.41
7/9/2019,2.41
7/10/2019,2.41
7/11/2019,2.4
7/12/2019,2.38
7/13/2019,2.38
7/14/2019,2.38
7/15/2019,2.4
7/16/2019,2.41
7/17/2019,2.41
7/18/2019,2.41
7/19/2019,2.41
7/20/2019,2.41
7/21/2019,2.41
7/22/2019,2.4
7/23/2019,2.4
7/24/2019,2.4
7/25/2019,2.4
7/26/2019,2.4
7/27/2019,2.4
7/28/2019,2.4
7/29/2019,2.4
7/30/2019,2.39
7/31/2019,2.4
8/1/2019,2.14
8/2/2019,2.14
8/3/2019,2.14
8/4/2019,2.14
8/5/2019,2.13
8/6/2019,2.13
8/7/2019,2.12
8/8/2019,2.12
8/9/2019,2.12
8/10/2019,2.12
8/11/2019,2.12
8/12/2019,2.12
8/13/2019,2.12
8/14/2019,2.12
8/15/2019,2.13
8/16/2019,2.13
8/17/2019,2.13
8/18/2019,2.13
8/19/2019,2.13
8/20/2019,2.13
8/21/2019,2.12
8/22/2019,2.12
8/23/2019,2.12
8/24/2019,2.12
8/25/2019,2.12
8/26/2019,2.12
8/27/2019,2.12
8/28/2019,2.12
8/29/2019,2.12
8/30/2019,2.13
8/31/2019,2.13
9/1/2019,2.13
9/2/2019,2.13
9/3/2019,2.13
9/4/2019,2.13
9/5/2019,2.13
9/6/2019,2.12
9/7/2019,2.12
9/8/2019,2.12
9/9/2019,2.13
9/10/2019,2.13
9/11/2019,2.13
9/12/2019,2.13
9/13/2019,2.14
9/14/2019,2.14
9/15/2019,2.14
9/16/2019,2.25
9/17/2019,2.3
9/18/2019,2.25
9/19/2019,1.9
9/20/2019,1.9
9/21/2019,1.9
9/22/2019,1.9
9/23/2019,1.9
9/24/2019,1.9
9/25/2019,1.9
9/26/2019,1.85
9/27/2019,1.83
9/28/2019,1.83
9/29/2019,1.83
9/30/2019,1.9
10/1/2019,1.88
10/2/2019,1.85
10/3/2019,1.83
10/4/2019,1.82
10/5/2019,1.82
10/6/2019,1.82
10/7/2019,1.82
10/8/2019,1.82
10/9/2019,1.82
10/10/2019,1.82
10/11/2019,1.82
10/12/2019,1.82
10/13/2019,1.82
10/14/2019,1.82
10/15/2019,1.9
10/16/2019,1.9
10/17/2019,1.85
10/18/2019,1.85
10/19/2019,1.85
10/20/2019,1.85
10/21/2019,1.85
10/22/2019,1.85
10/23/2019,1.85
10/24/2019,1.85
10/25/2019,1.83
10/26/2019,1.83
10/27/2019,1.83
10/28/2019,1.83
10/29/2019,1.82
10/30/2019,1.82
10/31/2019,1.58
11/1/2019,1.57
11/2/2019,1.57
11/3/2019,1.57
11/4/2019,1.56
11/5/2019,1.56
11/6/2019,1.55
11/7/2019,1.55
11/8/2019,1.55
11/9/2019,1.55
11/10/2019,1.55
11/11/2019,1.55
11/12/2019,1.55
11/13/2019,1.55
11/14/2019,1.55
11/15/2019,1.55
11/16/2019,1.55
11/17/2019,1.55
11/18/2019,1.55
11/19/2019,1.55
11/20/2019,1.55
11/21/2019,1.55
11/22/2019,1.55
11/23/2019,1.55
11/24/2019,1.55
11/25/2019,1.55
11/26/2019,1.55
11/27/2019,1.55
11/28/2019,1.55
11/29/2019,1.56
11/30/2019,1.56
12/1/2019,1.56
12/2/2019,1.56
12/3/2019,1.55
12/4/2019,1.55
12/5/2019,1.55
12/6/2019,1.55
12/7/2019,1.55
12/8/2019,1.55
12/9/2019,1.55
12/10/2019,1.55
12/11/2019,1.55
12/12/2019,1.55
12/13/2019,1.55
12/14/2019,1.55
12/15/2019,1.55
12/16/2019,1.56
12/17/2019,1.55
12/18/2019,1.55
12/19/2019,1.55
12/20/2019,1.55
12/21/2019,1.55
12/22/2019,1.55
12/23/2019,1.55
12/24/2019,1.55
12/25/2019,1.55
12/26/2019,1.55
12/27/2019,1.55
12/28/2019,1.55
12/29/2019,1.55
12/30/2019,1.55
12/31/2019,1.55
1/1/2020,1.55
1/2/2020,1.55
1/3/2020,1.55
1/4/2020,1.55
1/5/2020,1.55
1/6/2020,1.55
1/7/2020,1.55
1/8/2020,1.55
1/9/2020,1.55
1/10/2020,1.54
1/11/2020,1.54
1/12/2020,1.54
1/13/2020,1.54
1/14/2020,1.54
1/15/2020,1.54
1/16/2020,1.54
1/17/2020,1.55
1/18/2020,1.55
1/19/2020,1.55
1/20/2020,1.55
1/21/2020,1.55
1/22/2020,1.55
1/23/2020,1.55
1/24/2020,1.55
1/25/2020,1.55
1/26/2020,1.55
1/27/2020,1.55
1/28/2020,1.55
1/29/2020,1.55
1/30/2020,1.6
1/31/2020,1.59
2/1/2020,1.59
2/2/2020,1.59
2/3/2020,1.59
2/4/2020,1.59
2/5/2020,1.59
2/6/2020,1.59
2/7/2020,1.58
2/8/2020,1.58
2/9/2020,1.58
2/10/2020,1.58
2/11/2020,1.58
2/12/2020,1.58
2/13/2020,1.58
2/14/2020,1.58
2/15/2020,1.58
2/16/2020,1.58
2/17/2020,1.58
2/18/2020,1.59
2/19/2020,1.59
2/20/2020,1.59
2/21/2020,1.58
2/22/2020,1.58
2/23/2020,1.58
2/24/2020,1.58
2/25/2020,1.58
2/26/2020,1.58
2/27/2020,1.58
2/28/2020,1.58
2/29/2020,1.58
3/1/2020,1.58
3/2/2020,1.59
3/3/2020,1.59
3/4/2020,1.09
3/5/2020,1.09
3/6/2020,1.09
3/7/2020,1.09
3/8/2020,1.09
3/9/2020,1.09
3/10/2020,1.09
3/11/2020,1.09
3/12/2020,1.1
3/13/2020,1.1
3/14/2020,1.1
3/15/2020,1.1
3/16/2020,0.25
3/17/2020,0.25
3/18/2020,0.25
3/19/2020,0.2
3/20/2020,0.15
3/21/2020,0.15
3/22/2020,0.15
3/23/2020,0.15
3/24/2020,0.12
3/25/2020,0.1
3/26/2020,0.1
3/27/2020,0.1
3/28/2020,0.1
3/29/2020,0.1
3/30/2020,0.09
3/31/2020,0.08
4/1/2020,0.06
4/2/2020,0.05
4/3/2020,0.05
4/4/2020,0.05
4/5/2020,0.05
4/6/2020,0.05
4/7/2020,0.05
4/8/2020,0.05
4/9/2020,0.05
4/10/2020,0.05
4/11/2020,0.05
4/12/2020,0.05
4/13/2020,0.05
4/14/2020,0.05
4/15/2020,0.05
4/16/2020,0.05
4/17/2020,0.05
4/18/2020,0.05
4/19/2020,0.05
4/20/2020,0.05
4/21/2020,0.05
4/22/2020,0.05
4/23/2020,0.04
4/24/2020,0.05
4/25/2020,0.05
4/26/2020,0.05
4/27/2020,0.04
4/28/2020,0.04
4/29/2020,0.04
4/30/2020,0.05
5/1/2020,0.05
5/2/2020,0.05
5/3/2020,0.05
5/4/2020,0.05
5/5/2020,0.05
5/6/2020,0.05
5/7/2020,0.05
5/8/2020,0.05
5/9/2020,0.05
5/10/2020,0.05
5/11/2020,0.05
5/12/2020,0.05
5/13/2020,0.05
5/14/2020,0.05
5/15/2020,0.05
5/16/2020,0.05
5/17/2020,0.05
5/18/2020,0.05
5/19/2020,0.05
5/20/2020,0.05
5/21/2020,0.05
5/22/2020,0.05
5/23/2020,0.05
5/24/2020,0.05
5/25/2020,0.05
5/26/2020,0.05
5/27/2020,0.05
5/28/2020,0.05
5/29/2020,0.05
5/30/2020,0.05
5/31/2020,0.05
6/1/2020,0.05
6/2/2020,0.06
6/3/2020,0.06
6/4/2020,0.06
6/5/2020,0.07
6/6/2020,0.07
6/7/2020,0.07
6/8/2020,0.07
6/9/2020,0.07
6/10/2020,0.08
6/11/2020,0.08
6/12/2020,0.08
6/13/2020,0.08
6/14/2020,0.08
6/15/2020,0.09
6/16/2020,0.09
6/17/2020,0.09
6/18/2020,0.09
6/19/2020,0.09
6/20/2020,0.09
6/21/2020,0.09
6/22/2020,0.08
6/23/2020,0.08
6/24/2020,0.08
6/25/2020,0.08
6/26/2020,0.08
6/27/2020,0.08
6/28/2020,0.08
6/29/2020,0.08
6/30/2020,0.08
7/1/2020,0.08
7/2/2020,0.09
7/3/2020,0.09
7/4/2020,0.09
7/5/2020,0.09
7/6/2020,0.09
7/7/2020,0.09
7/8/2020,0.09
7/9/2020,0.09
7/10/2020,0.09
7/11/2020,0.09
7/12/2020,0.09
7/13/2020,0.09
7/14/2020,0.09
7/15/2020,0.1
7/16/2020,0.1
7/17/2020,0.09
7/18/2020,0.09
7/19/2020,0.09
7/20/2020,0.1
7/21/2020,0.1
7/22/2020,0.09
7/23/2020,0.09
7/24/2020,0.09
7/25/2020,0.09
7/26/2020,0.09
7/27/2020,0.1
7/28/2020,0.1
7/29/2020,0.1
7/30/2020,0.1
7/31/2020,0.1
8/1/2020,0.1
8/2/2020,0.1
8/3/2020,0.1
8/4/2020,0.1
8/5/2020,0.1
8/6/2020,0.1
8/7/2020,0.1
8/8/2020,0.1
8/9/2020,0.1
8/10/2020,0.1
8/11/2020,0.1
8/12/2020,0.1
8/13/2020,0.1
8/14/2020,0.1
8/15/2020,0.1
8/16/2020,0.1
8/17/2020,0.1
8/18/2020,0.09
8/19/2020,0.09
8/20/2020,0.09
8/21/2020,0.09
8/22/2020,0.09
8/23/2020,0.09
8/24/2020,0.09
8/25/2020,0.09
8/26/2020,0.09
8/27/2020,0.08
8/28/2020,0.09
8/29/2020,0.09
8/30/2020,0.09
8/31/2020,0.09
9/1/2020,0.09
9/2/2020,0.09
9/3/2020,0.09
9/4/2020,0.09
9/5/2020,0.09
9/6/2020,0.09
9/7/2020,0.09
9/8/2020,0.09
9/9/2020,0.09
9/10/2020,0.09
9/11/2020,0.09
9/12/2020,0.09
9/13/2020,0.09
9/14/2020,0.09
9/15/2020,0.09
9/16/2020,0.09
9/17/2020,0.09
9/18/2020,0.09
9/19/2020,0.09
9/20/2020,0.09
9/21/2020,0.09
9/22/2020,0.09
9/23/2020,0.09
9/24/2020,0.09
9/25/2020,0.09
9/26/2020,0.09
9/27/2020,0.09
9/28/2020,0.09
9/29/2020,0.09
9/30/2020,0.09
10/1/2020,0.09
10/2/2020,0.09
10/3/2020,0.09
10/4/2020,0.09
10/5/2020,0.09
10/6/2020,0.09
10/7/2020,0.09
10/8/2020,0.09
10/9/2020,0.09
10/10/2020,0.09
10/11/2020,0.09
10/12/2020,0.09
10/13/2020,0.09
10/14/2020,0.09
10/15/2020,0.09
10/16/2020,0.09
10/17/2020,0.09
10/18/2020,0.09
10/19/2020,0.09
10/20/2020,0.09
10/21/2020,0.09
10/22/2020,0.09
10/23/2020,0.09
10/24/2020,0.09
10/25/2020,0.09
10/26/2020,0.09
10/27/2020,0.09
10/28/2020,0.09
10/29/2020,0.09
10/30/2020,0.09
10/31/2020,0.09
11/1/2020,0.09
11/2/2020,0.09
11/3/2020,0.09
11/4/2020,0.09
11/5/2020,0.09
11/6/2020,0.09
11/7/2020,0.09
11/8/2020,0.09
11/9/2020,0.09
11/10/2020,0.09
11/11/2020,0.09
11/12/2020,0.09
11/13/2020,0.09
11/14/2020,0.09
11/15/2020,0.09
11/16/2020,0.09
11/17/2020,0.09
11/18/2020,0.09
11/19/2020,0.08
11/20/2020,0.08
11/21/2020,0.08
11/22/2020,0.08
11/23/2020,0.08
11/24/2020,0.08
11/25/2020,0.08
11/26/2020,0.08
11/27/2020,0.08
11/28/2020,0.08
11/29/2020,0.08
11/30/2020,0.09
12/1/2020,0.09
12/2/2020,0.09
12/3/2020,0.09
12/4/2020,0.09
12/5/2020,0.09
12/6/2020,0.09
12/7/2020,0.09
12/8/2020,0.09
12/9/2020,0.09
12/10/2020,0.09
12/11/2020,0.09
12/12/2020,0.09
12/13/2020,0.09
12/14/2020,0.09
12/15/2020,0.09
12/16/2020,0.09
12/17/2020,0.09
12/18/2020,0.09
12/19/2020,0.09
12/20/2020,0.09
12/21/2020,0.09
12/22/2020,0.09
12/23/2020,0.09
12/24/2020,0.09
12/25/2020,0.09
12/26/2020,0.09
12/27/2020,0.09
12/28/2020,0.09
12/29/2020,0.09
12/30/2020,0.09
12/31/2020,0.09
1/1/2021,0.09
1/2/2021,0.09
1/3/2021,0.09
1/4/2021,0.09
1/5/2021,0.09
1/6/2021,0.09
1/7/2021,0.09
1/8/2021,0.09
1/9/2021,0.09
1/10/2021,0.09
1/11/2021,0.09
1/12/2021,0.09
1/13/2021,0.09
1/14/2021,0.09
1/15/2021,0.09
1/16/2021,0.09
1/17/2021,0.09
1/18/2021,0.09
1/19/2021,0.09
1/20/2021,0.09
1/21/2021,0.08
1/22/2021,0.08
1/23/2021,0.08
1/24/2021,0.08
1/25/2021,0.08
1/26/2021,0.08
1/27/2021,0.08
1/28/2021,0.07
1/29/2021,0.07
1/30/2021,0.07
1/31/2021,0.07
2/1/2021,0.08
2/2/2021,0.08
2/3/2021,0.08
2/4/2021,0.08
2/5/2021,0.08
2/6/2021,0.08
2/7/2021,0.08
2/8/2021,0.07
2/9/2021,0.08
2/10/2021,0.08
2/11/2021,0.08
2/12/2021,0.08
2/13/2021,0.08
2/14/2021,0.08
2/15/2021,0.08
2/16/2021,0.08
2/17/2021,0.08
2/18/2021,0.07
2/19/2021,0.07
2/20/2021,0.07
2/21/2021,0.07
2/22/2021,0.07
2/23/2021,0.07
2/24/2021,0.07
2/25/2021,0.07
2/26/2021,0.07
2/27/2021,0.07
2/28/2021,0.07
3/1/2021,0.07
3/2/2021,0.07
3/3/2021,0.07
3/4/2021,0.07
3/5/2021,0.07
3/6/2021,0.07
3/7/2021,0.07
3/8/2021,0.07
3/9/2021,0.07
3/10/2021,0.07
3/11/2021,0.07
3/12/2021,0.07
3/13/2021,0.07
3/14/2021,0.07
3/15/2021,0.07
3/16/2021,0.07
3/17/2021,0.07
3/18/2021,0.07
3/19/2021,0.07
3/20/2021,0.07
3/21/2021,0.07
3/22/2021,0.07
3/23/2021,0.07
3/24/2021,0.07
3/25/2021,0.07
3/26/2021,0.07
3/27/2021,0.07
3/28/2021,0.07
3/29/2021,0.07
3/30/2021,0.07
3/31/2021,0.06
4/1/2021,0.07
4/2/2021,0.07
4/3/2021,0.07
4/4/2021,0.07
4/5/2021,0.07
4/6/2021,0.07
4/7/2021,0.07
4/8/2021,0.07
4/9/2021,0.07
4/10/2021,0.07
4/11/2021,0.07
4/12/2021,0.07
4/13/2021,0.07
4/14/2021,0.07
4/15/2021,0.07
4/16/2021,0.07
4/17/2021,0.07
4/18/2021,0.07
4/19/2021,0.07
4/20/2021,0.07
4/21/2021,0.07
4/22/2021,0.07
4/23/2021,0.07
4/24/2021,0.07
4/25/2021,0.07
4/26/2021,0.07
4/27/2021,0.07
4/28/2021,0.07
4/29/2021,0.06
4/30/2021,0.05
5/1/2021,0.05
5/2/2021,0.05
5/3/2021,0.06
5/4/2021,0.06
5/5/2021,0.06
5/6/2021,0.06
5/7/2021,0.06
5/8/2021,0.06
5/9/2021,0.06
5/10/2021,0.06
5/11/2021,0.06
5/12/2021,0.06
5/13/2021,0.06
5/14/2021,0.06
5/15/2021,0.06
5/16/2021,0.06
5/17/2021,0.06
5/18/2021,0.06
5/19/2021,0.06
5/20/2021,0.06
5/21/2021,0.06
5/22/2021,0.06
5/23/2021,0.06
5/24/2021,0.06
5/25/2021,0.06
5/26/2021,0.06
5/27/2021,0.06
5/28/2021,0.05
5/29/2021,0.05
5/30/2021,0.05
5/31/2021,0.05
6/1/2021,0.06
6/2/2021,0.06
6/3/2021,0.06
6/4/2021,0.06
6/5/2021,0.06
6/6/2021,0.06
6/7/2021,0.06
6/8/2021,0.06
6/9/2021,0.06
6/10/2021,0.06
6/11/2021,0.06
6/12/2021,0.06
6/13/2021,0.06
6/14/2021,0.06
6/15/2021,0.06
6/16/2021,0.06
6/17/2021,0.1
6/18/2021,0.1
6/19/2021,0.1
6/20/2021,0.1
6/21/2021,0.1
6/22/2021,0.1
6/23/2021,0.1
6/24/2021,0.1
6/25/2021,0.1
6/26/2021,0.1
6/27/2021,0.1
6/28/2021,0.1
6/29/2021,0.1
6/30/2021,0.08
7/1/2021,0.1
7/2/2021,0.1
7/3/2021,0.1
7/4/2021,0.1
7/5/2021,0.1
7/6/2021,0.1
7/7/2021,0.1
7/8/2021,0.1
7/9/2021,0.1
7/10/2021,0.1
7/11/2021,0.1
7/12/2021,0.1
7/13/2021,0.1
7/14/2021,0.1
7/15/2021,0.1
7/16/2021,0.1
7/17/2021,0.1
7/18/2021,0.1
7/19/2021,0.1
7/20/2021,0.1
7/21/2021,0.1
7/22/2021,0.1
7/23/2021,0.1
7/24/2021,0.1
7/25/2021,0.1
7/26/2021,0.1
7/27/2021,0.1
7/28/2021,0.1
7/29/2021,0.1
7/30/2021,0.07
7/31/2021,0.07
8/1/2021,0.07
8/2/2021,0.1
8/3/2021,0.1
8/4/2021,0.1
8/5/2021,0.1
8/6/2021,0.1
8/7/2021,0.1
8/8/2021,0.1
8/9/2021,0.1
8/10/2021,0.1
8/11/2021,0.1
8/12/2021,0.1
8/13/2021,0.1
8/14/2021,0.1
8/15/2021,0.1
8/16/2021,0.1
8/17/2021,0.1
8/18/2021,0.09
8/19/2021,0.09
8/20/2021,0.09
8/21/2021,0.09
8/22/2021,0.09
8/23/2021,0.09
8/24/2021,0.09
8/25/2021,0.09
8/26/2021,0.09
8/27/2021,0.08
8/28/2021,0.08
8/29/2021,0.08
8/30/2021,0.08
8/31/2021,0.06
9/1/2021,0.08
9/2/2021,0.08
9/3/2021,0.08
9/4/2021,0.08
9/5/2021,0.08
9/6/2021,0.08
9/7/2021,0.08
9/8/2021,0.08
9/9/2021,0.08
9/10/2021,0.08
9/11/2021,0.08
9/12/2021,0.08
9/13/2021,0.08
9/14/2021,0.08
9/15/2021,0.08
9/16/2021,0.08
9/17/2021,0.08
9/18/2021,0.08
9/19/2021,0.08
9/20/2021,0.08
9/21/2021,0.08
9/22/2021,0.08
9/23/2021,0.08
9/24/2021,0.08
9/25/2021,0.08
9/26/2021,0.08
9/27/2021,0.08
9/28/2021,0.08
9/29/2021,0.08
9/30/2021,0.06
10/1/2021,0.08
10/2/2021,0.08
10/3/2021,0.08
10/4/2021,0.08
10/5/2021,0.08
10/6/2021,0.08
10/7/2021,0.08
10/8/2021,0.08
10/9/2021,0.08
10/10/2021,0.08
10/11/2021,0.08
10/12/2021,0.08
10/13/2021,0.08
10/14/2021,0.08
10/15/2021,0.08
10/16/2021,0.08
10/17/2021,0.08
10/18/2021,0.08
10/19/2021,0.08
10/20/2021,0.08
10/21/2021,0.08
10/22/2021,0.08
10/23/2021,0.08
10/24/2021,0.08
10/25/2021,0.08
10/26/2021,0.08
10/27/2021,0.08
10/28/2021,0.08
10/29/2021,0.07
10/30/2021,0.07
10/31/2021,0.07
11/1/2021,0.08
11/2/2021,0.08
11/3/2021,0.08
11/4/2021,0.08
11/5/2021,0.08
11/6/2021,0.08
11/7/2021,0.08
11/8/2021,0.08
11/9/2021,0.08
11/10/2021,0.08
11/11/2021,0.08
11/12/2021,0.08
11/13/2021,0.08
11/14/2021,0.08
11/15/2021,0.08
11/16/2021,0.08
11/17/2021,0.08
11/18/2021,0.08
11/19/2021,0.08
11/20/2021,0.08
11/21/2021,0.08
11/22/2021,0.08
11/23/2021,0.08
11/24/2021,0.08
11/25/2021,0.08
11/26/2021,0.08
11/27/2021,0.08
11/28/2021,0.08
11/29/2021,0.08
11/30/2021,0.07
12/1/2021,0.08
12/2/2021,0.08
12/3/2021,0.08
12/4/2021,0.08
12/5/2021,0.08
12/6/2021,0.08
12/7/2021,0.08
12/8/2021,0.08
12/9/2021,0.08
12/10/2021,0.08
12/11/2021,0.08
12/12/2021,0.08
12/13/2021,0.08
12/14/2021,0.08
12/15/2021,0.08
12/16/2021,0.08
12/17/2021,0.08
12/18/2021,0.08
12/19/2021,0.08
12/20/2021,0.08
12/21/2021,0.08
12/22/2021,0.08
12/23/2021,0.08
12/24/2021,0.08
12/25/2021,0.08
12/26/2021,0.08
12/27/2021,0.08
12/28/2021,0.08
12/29/2021,0.08
12/30/2021,0.08
12/31/2021,0.07
1/1/2022,0.07
1/2/2022,0.07
1/3/2022,0.08
1/4/2022,0.08
1/5/2022,0.08
1/6/2022,0.08
1/7/2022,0.08
1/8/2022,0.08
1/9/2022,0.08
1/10/2022,0.08
1/11/2022,0.08
1/12/2022,0.08
1/13/2022,0.08
1/14/2022,0.08
1/15/2022,0.08
1/16/2022,0.08
1/17/2022,0.08
1/18/2022,0.08
1/19/2022,0.08
1/20/2022,0.08
1/21/2022,0.08
1/22/2022,0.08
1/23/2022,0.08
1/24/2022,0.08
1/25/2022,0.08
1/26/2022,0.08
1/27/2022,0.08
1/28/2022,0.08
1/29/2022,0.08
1/30/2022,0.08
1/31/2022,0.08
2/1/2022,0.08
2/2/2022,0.08
2/3/2022,0.08
2/4/2022,0.08
2/5/2022,0.08
2/6/2022,0.08
2/7/2022,0.08
2/8/2022,0.08
2/9/2022,0.08
2/10/2022,0.08
2/11/2022,0.08
2/12/2022,0.08
2/13/2022,0.08
2/14/2022,0.08
2/15/2022,0.08
2/16/2022,0.08
2/17/2022,0.08
2/18/2022,0.08
2/19/2022,0.08
2/20/2022,0.08
2/21/2022,0.08
2/22/2022,0.08
2/23/2022,0.08
2/24/2022,0.08
2/25/2022,0.08
2/26/2022,0.08
2/27/2022,0.08
2/28/2022,0.08
3/1/2022,0.08
3/2/2022,0.08
3/3/2022,0.08
3/4/2022,0.08
3/5/2022,0.08
3/6/2022,0.08
3/7/2022,0.08
3/8/2022,0.08
3/9/2022,0.08
3/10/2022,0.08
3/11/2022,0.08
3/12/2022,0.08
3/13/2022,0.08
3/14/2022,0.08
3/15/2022,0.08
3/16/2022,0.08
3/17/2022,0.33
3/18/2022,0.33
3/19/2022,0.33
3/20/2022,0.33
3/21/2022,0.33
3/22/2022,0.33
3/23/2022,0.33
3/24/2022,0.33
3/25/2022,0.33
3/26/2022,0.33
3/27/2022,0.33
3/28/2022,0.33
3/29/2022,0.33
3/30/2022,0.33
3/31/2022,0.33
4/1/2022,0.33
4/2/2022,0.33
4/3/2022,0.33
4/4/2022,0.33
4/5/2022,0.33
4/6/2022,0.33
4/7/2022,0.33
4/8/2022,0.33
4/9/2022,0.33
4/10/2022,0.33
4/11/2022,0.33
4/12/2022,0.33
4/13/2022,0.33
4/14/2022,0.33
4/15/2022,0.33
4/16/2022,0.33
4/17/2022,0.33
4/18/2022,0.33
4/19/2022,0.33
4/20/2022,0.33
4/21/2022,0.33
4/22/2022,0.33
4/23/2022,0.33
4/24/2022,0.33
4/25/2022,0.33
4/26/2022,0.33
4/27/2022,0.33
4/28/2022,0.33
4/29/2022,0.33
4/30/2022,0.33
5/1/2022,0.33
5/2/2022,0.33
5/3/2022,0.33
5/4/2022,0.33
5/5/2022,0.83
5/6/2022,0.83
5/7/2022,0.83
5/8/2022,0.83
5/9/2022,0.83
5/10/2022,0.83
5/11/2022,0.83
5/12/2022,0.83
5/13/2022,0.83
5/14/2022,0.83
5/15/2022,0.83
5/16/2022,0.83
5/17/2022,0.83
5/18/2022,0.83
5/19/2022,0.83
5/20/2022,0.83
5/21/2022,0.83
5/22/2022,0.83
5/23/2022,0.83
5/24/2022,0.83
5/25/2022,0.83
5/26/2022,0.83
5/27/2022,0.83
5/28/2022,0.83
5/29/2022,0.83
5/30/2022,0.83
5/31/2022,0.83
6/1/2022,0.83
6/2/2022,0.83
6/3/2022,0.83
6/4/2022,0.83
6/5/2022,0.83
6/6/2022,0.83
6/7/2022,0.83
6/8/2022,0.83
6/9/2022,0.83
6/10/2022,0.83
6/11/2022,0.83
6/12/2022,0.83
6/13/2022,0.83
6/14/2022,0.83
6/15/2022,0.83
6/16/2022,1.58
6/17/2022,1.58
6/18/2022,1.58
6/19/2022,1.58
6/20/2022,1.58
6/21/2022,1.58
6/22/2022,1.58
6/23/2022,1.58
6/24/2022,1.58
6/25/2022,1.58
6/26/2022,1.58
6/27/2022,1.58
6/28/2022,1.58
6/29/2022,1.58
6/30/2022,1.58
7/1/2022,1.58
7/2/2022,1.58
7/3/2022,1.58
7/4/2022,1.58
7/5/2022,1.58
7/6/2022,1.58
7/7/2022,1.58
7/8/2022,1.58
7/9/2022,1.58
7/10/2022,1.58
7/11/2022,1.58
7/12/2022,1.58
7/13/2022,1.58
7/14/2022,1.58
7/15/2022,1.58
7/16/2022,1.58
7/17/2022,1.58
7/18/2022,1.58
7/19/2022,1.58
7/20/2022,1.58
7/21/2022,1.58
7/22/2022,1.58
7/23/2022,1.58
7/24/2022,1.58
7/25/2022,1.58
7/26/2022,1.58
7/27/2022,1.58
7/28/2022,2.33
7/29/2022,2.32
7/30/2022,2.32
7/31/2022,2.32
8/1/2022,2.33
8/2/2022,2.33
8/3/2022,2.33
8/4/2022,2.33
8/5/2022,2.33
8/6/2022,2.33
8/7/2022,2.33
8/8/2022,2.33
8/9/2022,2.33
8/10/2022,2.33
8/11/2022,2.33
8/12/2022,2.33
8/13/2022,2.33
8/14/2022,2.33
8/15/2022,2.33
8/16/2022,2.33
8/17/2022,2.33
8/18/2022,2.33
8/19/2022,2.33
8/20/2022,2.33
8/21/2022,2.33
8/22/2022,2.33
8/23/2022,2.33
8/24/2022,2.33
8/25/2022,2.33
8/26/2022,2.33
8/27/2022,2.33
8/28/2022,2.33
8/29/2022,2.33
8/30/2022,2.33
8/31/2022,2.33
9/1/2022,2.33
9/2/2022,2.33
9/3/2022,2.33
9/4/2022,2.33
9/5/2022,2.33
9/6/2022,2.33
9/7/2022,2.33
9/8/2022,2.33
9/9/2022,2.33
9/10/2022,2.33
9/11/2022,2.33
9/12/2022,2.33
9/13/2022,2.33
9/14/2022,2.33
9/15/2022,2.33
9/16/2022,2.33
9/17/2022,2.33
9/18/2022,2.33
9/19/2022,2.33
9/20/2022,2.33
9/21/2022,2.33
9/22/2022,3.08
9/23/2022,3.08
9/24/2022,3.08
9/25/2022,3.08
9/26/2022,3.08
9/27/2022,3.08
9/28/2022,3.08
9/29/2022,3.08
9/30/2022,3.08
10/1/2022,3.08
10/2/2022,3.08
10/3/2022,3.08
10/4/2022,3.08
10/5/2022,3.08
10/6/2022,3.08
10/7/2022,3.08
10/8/2022,3.08
10/9/2022,3.08
10/10/2022,3.08
10/11/2022,3.08
10/12/2022,3.08
10/13/2022,3.08
10/14/2022,3.08
10/15/2022,3.08
10/16/2022,3.08
10/17/2022,3.08
10/18/2022,3.08
10/19/2022,3.08
10/20/2022,3.08
10/21/2022,3.08
10/22/2022,3.08
10/23/2022,3.08
10/24/2022,3.08
10/25/2022,3.08
10/26/2022,3.08
10/27/2022,3.08
10/28/2022,3.08
10/29/2022,3.08
10/30/2022,3.08
10/31/2022,3.08
11/1/2022,3.08
11/2/2022,3.08
11/3/2022,3.83
11/4/2022,3.83
11/5/2022,3.83
11/6/2022,3.83
11/7/2022,3.83
11/8/2022,3.83
11/9/2022,3.83
11/10/2022,3.83
11/11/2022,3.83
11/12/2022,3.83
11/13/2022,3.83
11/14/2022,3.83
11/15/2022,3.83
11/16/2022,3.83
11/17/2022,3.83
11/18/2022,3.83
11/19/2022,3.83
11/20/2022,3.83
11/21/2022,3.83
11/22/2022,3.83
11/23/2022,3.83
11/24/2022,3.83
11/25/2022,3.83
11/26/2022,3.83
11/27/2022,3.83
11/28/2022,3.83
11/29/2022,3.83
11/30/2022,3.83
12/1/2022,3.83
12/2/2022,3.83
12/3/2022,3.83
12/4/2022,3.83
12/5/2022,3.83
12/6/2022,3.83
12/7/2022,3.83
12/8/2022,3.83
12/9/2022,3.83
12/10/2022,3.83
12/11/2022,3.83
12/12/2022,3.83
12/13/2022,3.83
12/14/2022,3.83
12/15/2022,4.33
12/16/2022,4.33
12/17/2022,4.33
12/18/2022,4.33
12/19/2022,4.33
12/20/2022,4.33
12/21/2022,4.33
12/22/2022,4.33
12/23/2022,4.33
12/24/2022,4.33
12/25/2022,4.33
12/26/2022,4.33
12/27/2022,4.33
12/28/2022,4.33
12/29/2022,4.33
12/30/2022,4.33
12/31/2022,4.33
1/1/2023,4.33
1/2/2023,4.33
1/3/2023,4.33
1/4/2023,4.33
1/5/2023,4.33
1/6/2023,4.33
1/7/2023,4.33
1/8/2023,4.33
1/9/2023,4.33
1/10/2023,4.33
1/11/2023,4.33
1/12/2023,4.33
1/13/2023,4.33
1/14/2023,4.33
1/15/2023,4.33
1/16/2023,4.33
1/17/2023,4.33
1/18/2023,4.33
1/19/2023,4.33
1/20/2023,4.33
1/21/2023,4.33
1/22/2023,4.33
1/23/2023,4.33
1/24/2023,4.33
1/25/2023,4.33
1/26/2023,4.33
1/27/2023,4.33
1/28/2023,4.33
1/29/2023,4.33
1/30/2023,4.33
1/31/2023,4.33
2/1/2023,4.33
2/2/2023,4.58
2/3/2023,4.58
2/4/2023,4.58
2/5/2023,4.58
2/6/2023,4.58
2/7/2023,4.58
2/8/2023,4.58
2/9/2023,4.57
2/10/2023,4.58
2/11/2023,4.58
2/12/2023,4.58
2/13/2023,4.58
2/14/2023,4.58
2/15/2023,4.58
2/16/2023,4.58
2/17/2023,4.58
2/18/2023,4.58
2/19/2023,4.58
2/20/2023,4.58
2/21/2023,4.58
2/22/2023,4.58
2/23/2023,4.58
2/24/2023,4.58
2/25/2023,4.58
2/26/2023,4.58
2/27/2023,4.57
2/28/2023,4.57
3/1/2023,4.58
3/2/2023,4.57
3/3/2023,4.57
3/4/2023,4.57
3/5/2023,4.57
3/6/2023,4.57
3/7/2023,4.57
3/8/2023,4.57
3/9/2023,4.57
3/10/2023,4.57
3/11/2023,4.57
3/12/2023,4.57
3/13/2023,4.58
3/14/2023,4.58
3/15/2023,4.58
3/16/2023,4.58
3/17/2023,4.58
3/18/2023,4.58
3/19/2023,4.58
3/20/2023,4.58
3/21/2023,4.58
3/22/2023,4.58
3/23/2023,4.83
3/24/2023,4.83
3/25/2023,4.83
3/26/2023,4.83
3/27/2023,4.83
3/28/2023,4.83
3/29/2023,4.83
3/30/2023,4.83
3/31/2023,4.83
4/1/2023,4.83
4/2/2023,4.83
4/3/2023,4.83
4/4/2023,4.83
4/5/2023,4.83
4/6/2023,4.83
4/7/2023,4.83
4/8/2023,4.83
4/9/2023,4.83
4/10/2023,4.83
4/11/2023,4.83
4/12/2023,4.83
4/13/2023,4.83
4/14/2023,4.83
4/15/2023,4.83
4/16/2023,4.83
4/17/2023,4.83
4/18/2023,4.83
4/19/2023,4.83
4/20/2023,4.83
4/21/2023,4.83
4/22/2023,4.83
4/23/2023,4.83
4/24/2023,4.83
4/25/2023,4.83
4/26/2023,4.83
4/27/2023,4.83
4/28/2023,4.83
4/29/2023,4.83
4/30/2023,4.83
5/1/2023,4.83
5/2/2023,4.83
5/3/2023,4.83
5/4/2023,5.08
5/5/2023,5.08
5/6/2023,5.08
5/7/2023,5.08
5/8/2023,5.08
5/9/2023,5.08
5/10/2023,5.08
5/11/2023,5.08
5/12/2023,5.08
5/13/2023,5.08
5/14/2023,5.08
5/15/2023,5.08
5/16/2023,5.08
5/17/2023,5.08
5/18/2023,5.08
5/19/2023,5.08
5/20/2023,5.08
5/21/2023,5.08
5/22/2023,5.08
5/23/2023,5.08
5/24/2023,5.08
5/25/2023,5.08
5/26/2023,5.08
5/27/2023,5.08
5/28/2023,5.08
5/29/2023,5.08
5/30/2023,5.08
5/31/2023,5.08
6/1/2023,5.08
6/2/2023,5.08
6/3/2023,5.08
6/4/2023,5.08
6/5/2023,5.08
6/6/2023,5.08
6/7/2023,5.08
6/8/2023,5.08
6/9/2023,5.08
6/10/2023,5.08
6/11/2023,5.08
6/12/2023,5.08
6/13/2023,5.08
6/14/2023,5.08
6/15/2023,5.07
6/16/2023,5.08
6/17/2023,5.08
6/18/2023,5.08
6/19/2023,5.08
6/20/2023,5.07
6/21/2023,5.07
6/22/2023,5.07
6/23/2023,5.07
6/24/2023,5.07
6/25/2023,5.07
6/26/2023,5.07
6/27/2023,5.07
6/28/2023,5.07
6/29/2023,5.07
6/30/2023,5.08
7/1/2023,5.08
7/2/2023,5.08
7/3/2023,5.08
7/4/2023,5.08
7/5/2023,5.08
7/6/2023,5.08
7/7/2023,5.08
7/8/2023,5.08
7/9/2023,5.08
7/10/2023,5.07
7/11/2023,5.08
7/12/2023,5.08
7/13/2023,5.08
7/14/2023,5.08
7/15/2023,5.08
7/16/2023,5.08
7/17/2023,5.08
7/18/2023,5.08
7/19/2023,5.08
7/20/2023,5.08
7/21/2023,5.08
7/22/2023,5.08
7/23/2023,5.08
7/24/2023,5.08
7/25/2023,5.08
7/26/2023,5.08
7/27/2023,5.33
7/28/2023,5.33
7/29/2023,5.33
7/30/2023,5.33
7/31/2023,5.33
8/1/2023,5.33
8/2/2023,5.33
8/3/2023,5.33
8/4/2023,5.33
8/5/2023,5.33
8/6/2023,5.33
8/7/2023,5.33
8/8/2023,5.33
8/9/2023,5.33
8/10/2023,5.33
8/11/2023,5.33
8/12/2023,5.33
8/13/2023,5.33
8/14/2023,5.33
8/15/2023,5.33
8/16/2023,5.33
8/17/2023,5.33
8/18/2023,5.33
8/19/2023,5.33
8/20/2023,5.33
8/21/2023,5.33
8/22/2023,5.33
8/23/2023,5.33
8/24/2023,5.33
8/25/2023,5.33
8/26/2023,5.33
8/27/2023,5.33
8/28/2023,5.33
8/29/2023,5.33
8/30/2023,5.33
8/31/2023,5.33
9/1/2023,5.33
9/2/2023,5.33
9/3/2023,5.33
9/4/2023,5.33
9/5/2023,5.33
9/6/2023,5.33
9/7/2023,5.33
9/8/2023,5.33
9/9/2023,5.33
9/10/2023,5.33
9/11/2023,5.33
9/12/2023,5.33
9/13/2023,5.33
9/14/2023,5.33
9/15/2023,5.33
9/16/2023,5.33
9/17/2023,5.33
9/18/2023,5.33
9/19/2023,5.33
9/20/2023,5.33
9/21/2023,5.33
9/22/2023,5.33
9/23/2023,5.33
9/24/2023,5.33
9/25/2023,5.33
9/26/2023,5.33
9/27/2023,5.33
9/28/2023,5.33
9/29/2023,5.33
9/30/2023,5.33
10/1/2023,5.33
10/2/2023,5.33
10/3/2023,5.33
10/4/2023,5.33
10/5/2023,5.33
10/6/2023,5.33
10/7/2023,5.33
10/8/2023,5.33
10/9/2023,5.33
10/10/2023,5.33
10/11/2023,5.33
10/12/2023,5.33
10/13/2023,5.33
10/14/2023,5.33
10/15/2023,5.33
10/16/2023,5.33
10/17/2023,5.33
10/18/2023,5.33
10/19/2023,5.33
10/20/2023,5.33
10/21/2023,5.33
10/22/2023,5.33
10/23/2023,5.33
10/24/2023,5.33
10/25/2023,5.33
10/26/2023,5.33
10/27/2023,5.33
10/28/2023,5.33
10/29/2023,5.33
10/30/2023,5.33
10/31/2023,5.33
11/1/2023,5.33
11/2/2023,5.33
11/3/2023,5.33
11/4/2023,5.33
11/5/2023,5.33
11/6/2023,5.33
11/7/2023,5.33
11/8/2023,5.33
11/9/2023,5.33
11/10/2023,5.33
11/11/2023,5.33
11/12/2023,5.33
11/13/2023,5.33
11/14/2023,5.33
11/15/2023,5.33
11/16/2023,5.33
11/17/2023,5.33
11/18/2023,5.33
11/19/2023,5.33
11/20/2023,5.33
11/21/2023,5.33
11/22/2023,5.33
11/23/2023,5.33
11/24/2023,5.33
11/25/2023,5.33
11/26/2023,5.33
11/27/2023,5.33
11/28/2023,5.33
11/29/2023,5.33
11/30/2023,5.33
